Index,0:？,1:？
0,0.0,0.0
1,112.5,116.0
2,117.0,120.0
3,120.19999694824219,124.19999694824219
4,128.5,133.0
5,146.0,149.5
6,1000.0,0.0
7,1000.0,0.0
8,1000.0,0.0
9,1000.0,0.0
10,1000.0,0.0
11,1000.0,0.0
12,1000.0,0.0
13,1000.0,0.0
14,1000.0,0.0
15,1000.0,0.0
16,1000.0,0.0
17,1000.0,0.0
18,1000.0,0.0
19,1000.0,0.0
20,1000.0,0.0
21,1000.0,0.0
22,1000.0,0.0
23,1000.0,0.0
24,1000.0,0.0
25,1000.0,0.0
26,1000.0,0.0
27,1000.0,0.0
28,1000.0,0.0
29,1000.0,0.0
30,1000.0,0.0
